Epoch,Precision,Recall,F1
1,0.27,0.8709677419354839,0.4122137404580153
2,0.2608695652173913,0.967741935483871,0.410958904109589
3,0.26495726495726496,1.0,0.4189189189189189
